{
	"credit": "Made with Blockbench",
	"texture_size": [32, 32],
	"textures": {
		"0": "item/carrot_on_a_stick",
		"particle": "item/carrot_on_a_stick"
	},
	"elements": [
		{
			"from": [8, 0, 7],
			"to": [9, 20, 8],
			"rotation": {"angle": 0, "axis": "y", "origin": [0, 0, 7]},
			"faces": {
				"north": {"uv": [0, 0, 1, 10], "texture": "#0"},
				"east": {"uv": [0, 0, 1, 10], "texture": "#0"},
				"south": {"uv": [0, 0, 1, 10], "texture": "#0"},
				"west": {"uv": [0, 0, 1, 10], "texture": "#0"},
				"up": {"uv": [0, 0, 1, 1], "texture": "#0"},
				"down": {"uv": [0, 0, 1, 1], "texture": "#0"}
			}
		},
		{
			"from": [7, 19, 7],
			"to": [8, 20, 8],
			"rotation": {"angle": 0, "axis": "y", "origin": [0, 0, 7]},
			"faces": {
				"north": {"uv": [7.5, 0, 8.5, 1], "texture": "#0"},
				"east": {"uv": [7.5, 0, 8.5, 1], "texture": "#0"},
				"south": {"uv": [7.5, 0, 8.5, 1], "texture": "#0"},
				"west": {"uv": [7.5, 0, 8.5, 1], "texture": "#0"},
				"up": {"uv": [7.5, 0, 8.5, 1], "texture": "#0"},
				"down": {"uv": [7.5, 0, 8.5, 1], "texture": "#0"}
			}
		},
		{
			"from": [21.89949, 20.21522, 7],
			"to": [22.89949, 21.61522, 8],
			"rotation": {"angle": 45, "axis": "z", "origin": [15.89949, 1.61522, 7]},
			"faces": {
				"north": {"uv": [7.5, 0, 8.5, 1.4], "texture": "#0"},
				"east": {"uv": [7.5, 0, 8.5, 1.4], "texture": "#0"},
				"south": {"uv": [7.5, 0, 8.5, 1.4], "texture": "#0"},
				"west": {"uv": [7.5, 0, 8.5, 1.4], "texture": "#0"},
				"up": {"uv": [7.5, 0, 8.5, 1], "texture": "#0"},
				"down": {"uv": [7.5, 0, 8.5, 1], "texture": "#0"}
			}
		},
		{
			"from": [21.89949, 20.21522, 7],
			"to": [22.89949, 21.61522, 8],
			"rotation": {"angle": 45, "axis": "z", "origin": [15.89949, 1.61522, 7]},
			"faces": {
				"north": {"uv": [7.5, 0, 8.5, 1.4], "texture": "#0"},
				"east": {"uv": [7.5, 0, 8.5, 1.4], "texture": "#0"},
				"south": {"uv": [7.5, 0, 8.5, 1.4], "texture": "#0"},
				"west": {"uv": [7.5, 0, 8.5, 1.4], "texture": "#0"},
				"up": {"uv": [7.5, 0, 8.5, 1], "texture": "#0"},
				"down": {"uv": [7.5, 0, 8.5, 1], "texture": "#0"}
			}
		},
		{
			"from": [-2.09188, 29.40761, 7],
			"to": [-1.09188, 30.80761, 8],
			"rotation": {"angle": -45, "axis": "z", "origin": [-8.09188, 10.80761, 7]},
			"faces": {
				"north": {"uv": [7.5, 0, 8.5, 1.4], "texture": "#0"},
				"east": {"uv": [7.5, 0, 8.5, 1.4], "texture": "#0"},
				"south": {"uv": [7.5, 0, 8.5, 1.4], "texture": "#0"},
				"west": {"uv": [7.5, 0, 8.5, 1.4], "texture": "#0"},
				"up": {"uv": [7.5, 0, 8.5, 1], "texture": "#0"},
				"down": {"uv": [7.5, 0, 8.5, 1], "texture": "#0"}
			}
		},
		{
			"from": [9, 19, 7],
			"to": [10, 20, 8],
			"rotation": {"angle": 0, "axis": "y", "origin": [0, 0, 7]},
			"faces": {
				"north": {"uv": [7.5, 0, 8.5, 1], "texture": "#0"},
				"east": {"uv": [7.5, 0, 8.5, 1], "texture": "#0"},
				"south": {"uv": [7.5, 0, 8.5, 1], "texture": "#0"},
				"west": {"uv": [7.5, 0, 8.5, 1], "texture": "#0"},
				"up": {"uv": [7.5, 0, 8.5, 1], "texture": "#0"},
				"down": {"uv": [7.5, 0, 8.5, 1], "texture": "#0"}
			}
		},
		{
			"from": [8, 19, 6],
			"to": [9, 20, 7],
			"rotation": {"angle": 0, "axis": "y", "origin": [0, 0, 7]},
			"faces": {
				"north": {"uv": [7.5, 0, 8.5, 1], "texture": "#0"},
				"east": {"uv": [7.5, 0, 8.5, 1], "texture": "#0"},
				"south": {"uv": [7.5, 0, 8.5, 1], "texture": "#0"},
				"west": {"uv": [7.5, 0, 8.5, 1], "texture": "#0"},
				"up": {"uv": [7.5, 0, 8.5, 1], "texture": "#0"},
				"down": {"uv": [7.5, 0, 8.5, 1], "texture": "#0"}
			}
		},
		{
			"from": [8, 25.16497, 18.84924],
			"to": [9, 26.56497, 19.84924],
			"rotation": {"angle": -45, "axis": "x", "origin": [0, 6.56497, 19.84924]},
			"faces": {
				"north": {"uv": [7.5, 0, 8.5, 1.4], "texture": "#0"},
				"east": {"uv": [7.5, 0, 8.5, 1.4], "texture": "#0"},
				"south": {"uv": [7.5, 0, 8.5, 1.4], "texture": "#0"},
				"west": {"uv": [14, 0, 15, 1.4], "texture": "#0"},
				"up": {"uv": [7.5, 0, 8.5, 1], "texture": "#0"},
				"down": {"uv": [14, 0, 15, 1], "texture": "#0"}
			}
		},
		{
			"from": [8, 19, 8],
			"to": [9, 20, 9],
			"rotation": {"angle": 0, "axis": "y", "origin": [0, 0, 7]},
			"faces": {
				"north": {"uv": [7.5, 0, 8.5, 1], "texture": "#0"},
				"east": {"uv": [7.5, 0, 8.5, 1], "texture": "#0"},
				"south": {"uv": [7.5, 0, 8.5, 1], "texture": "#0"},
				"west": {"uv": [7.5, 0, 8.5, 1], "texture": "#0"},
				"up": {"uv": [7.5, 0, 8.5, 1], "texture": "#0"},
				"down": {"uv": [7.5, 0, 8.5, 1], "texture": "#0"}
			}
		},
		{
			"from": [8, 23.44365, 22.91371],
			"to": [9, 24.44365, 24.31371],
			"rotation": {"angle": -45, "axis": "x", "origin": [0, 4.44365, 21.31371]},
			"faces": {
				"north": {"uv": [7.5, 0, 8.5, 1], "texture": "#0"},
				"east": {"uv": [7.5, 0, 8.9, 1], "texture": "#0"},
				"south": {"uv": [7.5, 0, 8.5, 1], "texture": "#0"},
				"west": {"uv": [7.5, 0, 8.9, 1], "texture": "#0"},
				"up": {"uv": [7.5, 0, 8.5, 1.4], "texture": "#0"},
				"down": {"uv": [7.5, 0, 8.5, 1.4], "texture": "#0"}
			}
		},
		{
			"from": [8, 20, 9],
			"to": [9, 22, 10],
			"rotation": {"angle": 0, "axis": "y", "origin": [0, 0, 7]},
			"faces": {
				"north": {"uv": [7.5, 0, 8.5, 2], "texture": "#0"},
				"east": {"uv": [7.5, 0, 8.5, 2], "texture": "#0"},
				"south": {"uv": [7.5, 0, 8.5, 2], "texture": "#0"},
				"west": {"uv": [7.5, 0, 8.5, 2], "texture": "#0"},
				"up": {"uv": [7.5, 0, 8.5, 1], "texture": "#0"},
				"down": {"uv": [7.5, 0, 8.5, 1], "texture": "#0"}
			}
		},
		{
			"from": [10, 20, 7],
			"to": [11, 22, 8],
			"rotation": {"angle": 0, "axis": "y", "origin": [0, 0, 7]},
			"faces": {
				"north": {"uv": [7.5, 0, 8.5, 2], "texture": "#0"},
				"east": {"uv": [7.5, 0, 8.5, 2], "texture": "#0"},
				"south": {"uv": [7.5, 0, 8.5, 2], "texture": "#0"},
				"west": {"uv": [7.5, 0, 8.5, 2], "texture": "#0"},
				"up": {"uv": [7.5, 0, 8.5, 1], "texture": "#0"},
				"down": {"uv": [7.5, 0, 8.5, 1], "texture": "#0"}
			}
		},
		{
			"from": [6, 20, 7],
			"to": [7, 22, 8],
			"rotation": {"angle": 0, "axis": "y", "origin": [0, 0, 7]},
			"faces": {
				"north": {"uv": [7.5, 0, 8.5, 2], "texture": "#0"},
				"east": {"uv": [7.5, 0, 8.5, 2], "texture": "#0"},
				"south": {"uv": [7.5, 0, 8.5, 2], "texture": "#0"},
				"west": {"uv": [7.5, 0, 8.5, 2], "texture": "#0"},
				"up": {"uv": [7.5, 0, 8.5, 1], "texture": "#0"},
				"down": {"uv": [7.5, 0, 8.5, 1], "texture": "#0"}
			}
		},
		{
			"from": [8, 20, 5],
			"to": [9, 22, 6],
			"rotation": {"angle": 0, "axis": "y", "origin": [0, 0, 7]},
			"faces": {
				"north": {"uv": [7.5, 0, 8.5, 2], "texture": "#0"},
				"east": {"uv": [7.5, 0, 8.5, 2], "texture": "#0"},
				"south": {"uv": [7.5, 0, 8.5, 2], "texture": "#0"},
				"west": {"uv": [7.5, 0, 8.5, 2], "texture": "#0"},
				"up": {"uv": [7.5, 0, 8.5, 1], "texture": "#0"},
				"down": {"uv": [7.5, 0, 8.5, 1], "texture": "#0"}
			}
		},
		{
			"from": [7, 20, 6],
			"to": [10, 21, 9],
			"rotation": {"angle": 0, "axis": "y", "origin": [0, 0, 7]},
			"faces": {
				"north": {"uv": [13, 2.5, 16, 3.5], "texture": "#0"},
				"east": {"uv": [13, 2.5, 16, 3.5], "texture": "#0"},
				"south": {"uv": [13, 2.5, 16, 3.5], "texture": "#0"},
				"west": {"uv": [13, 2.5, 16, 3.5], "texture": "#0"},
				"up": {"uv": [13, 2.5, 16, 5.5], "texture": "#0"},
				"down": {"uv": [13, 2.5, 16, 5.5], "texture": "#0"}
			}
		},
		{
			"from": [7, 21, 6],
			"to": [10, 22, 9],
			"rotation": {"angle": 0, "axis": "y", "origin": [0, 0, 7]},
			"faces": {
				"north": {"uv": [2, 0, 5, 1], "texture": "#0"},
				"east": {"uv": [2, 0, 5, 1], "texture": "#0"},
				"south": {"uv": [2, 0, 5, 1], "texture": "#0"},
				"west": {"uv": [2, 0, 5, 1], "texture": "#0"},
				"up": {"uv": [2, 0, 5, 3], "texture": "#0"},
				"down": {"uv": [2, 0, 5, 3], "texture": "#0"}
			}
		},
		{
			"from": [7, 22, 6],
			"to": [10, 23, 7],
			"rotation": {"angle": 0, "axis": "y", "origin": [0, 0, 7]},
			"faces": {
				"north": {"uv": [2, 0, 5, 1], "texture": "#0"},
				"east": {"uv": [2, 0, 3, 1], "texture": "#0"},
				"south": {"uv": [2, 0, 5, 1], "texture": "#0"},
				"west": {"uv": [2, 0, 3, 1], "texture": "#0"},
				"up": {"uv": [2, 0, 5, 1], "texture": "#0"},
				"down": {"uv": [2, 0, 5, 1], "texture": "#0"}
			}
		},
		{
			"from": [7, 22, 8],
			"to": [10, 23, 9],
			"rotation": {"angle": 0, "axis": "y", "origin": [0, 0, 7]},
			"faces": {
				"north": {"uv": [2, 0, 5, 1], "texture": "#0"},
				"east": {"uv": [2, 0, 3, 1], "texture": "#0"},
				"south": {"uv": [2, 0, 5, 1], "texture": "#0"},
				"west": {"uv": [2, 0, 3, 1], "texture": "#0"},
				"up": {"uv": [2, 0, 5, 1], "texture": "#0"},
				"down": {"uv": [2, 0, 5, 1], "texture": "#0"}
			}
		},
		{
			"from": [7, 22, 6],
			"to": [8, 23, 9],
			"rotation": {"angle": 0, "axis": "y", "origin": [9, 0, -1]},
			"faces": {
				"north": {"uv": [2, 0, 3, 1], "texture": "#0"},
				"east": {"uv": [2, 0, 5, 1], "texture": "#0"},
				"south": {"uv": [2, 0, 3, 1], "texture": "#0"},
				"west": {"uv": [2, 0, 5, 1], "texture": "#0"},
				"up": {"uv": [2, 0, 5, 1], "rotation": 90, "texture": "#0"},
				"down": {"uv": [2, 0, 5, 1], "rotation": 270, "texture": "#0"}
			}
		},
		{
			"from": [9, 22, 6],
			"to": [10, 23, 9],
			"rotation": {"angle": 0, "axis": "y", "origin": [9, 0, -1]},
			"faces": {
				"north": {"uv": [2, 1.5, 3, 2.5], "texture": "#0"},
				"east": {"uv": [2, 1.5, 5, 2.5], "texture": "#0"},
				"south": {"uv": [2, 1.5, 3, 2.5], "texture": "#0"},
				"west": {"uv": [2, 1.5, 5, 2.5], "texture": "#0"},
				"up": {"uv": [2, 1.5, 5, 2.5], "rotation": 90, "texture": "#0"},
				"down": {"uv": [2, 1.5, 5, 2.5], "rotation": 270, "texture": "#0"}
			}
		},
		{
			"from": [8, 22, 7],
			"to": [9, 23, 8],
			"rotation": {"angle": 0, "axis": "y", "origin": [0, 0, 7]},
			"faces": {
				"north": {"uv": [9.5, 0, 10.5, 1], "texture": "#0"},
				"east": {"uv": [9.5, 0, 10.5, 1], "texture": "#0"},
				"south": {"uv": [9.5, 0, 10.5, 1], "texture": "#0"},
				"west": {"uv": [9.5, 0, 10.5, 1], "texture": "#0"},
				"up": {"uv": [9.5, 0, 10.5, 1], "texture": "#0"},
				"down": {"uv": [9.5, 0, 10.5, 1], "texture": "#0"}
			}
		}
	]
}