{
	"credit": "Made with Blockbench",
	"texture_size": [64, 64],
	"textures": {
		"3": "item/carved_pumpkin"
	},
	"elements": [
		{
			"from": [9, 6, -0.6],
			"to": [10, 10, 0.4],
			"faces": {
				"north": {"uv": [6, 7, 6.25, 8], "texture": "#3"},
				"east": {"uv": [6.25, 7, 6.5, 8], "texture": "#3"},
				"south": {"uv": [6.5, 7, 6.75, 8], "texture": "#3"},
				"west": {"uv": [6.75, 7, 7, 8], "texture": "#3"},
				"up": {"uv": [3.5, 8.75, 3.25, 8.5], "texture": "#3"},
				"down": {"uv": [3.75, 8.5, 3.5, 8.75], "texture": "#3"}
			}
		},
		{
			"from": [6, 6, -0.6],
			"to": [7, 10, 0.4],
			"faces": {
				"north": {"uv": [7, 7, 7.25, 8], "texture": "#3"},
				"east": {"uv": [0, 7.25, 0.25, 8.25], "texture": "#3"},
				"south": {"uv": [0.25, 7.25, 0.5, 8.25], "texture": "#3"},
				"west": {"uv": [0.5, 7.25, 0.75, 8.25], "texture": "#3"},
				"up": {"uv": [8.75, 3.75, 8.5, 3.5], "texture": "#3"},
				"down": {"uv": [4, 8.5, 3.75, 8.75], "texture": "#3"}
			}
		},
		{
			"from": [7, 6, -0.6],
			"to": [9, 7, 0.4],
			"faces": {
				"north": {"uv": [7.75, 6.25, 8.25, 6.5], "texture": "#3"},
				"east": {"uv": [8.5, 3.75, 8.75, 4], "texture": "#3"},
				"south": {"uv": [8, 2.5, 8.5, 2.75], "texture": "#3"},
				"west": {"uv": [4, 8.5, 4.25, 8.75], "texture": "#3"},
				"up": {"uv": [8.5, 3, 8, 2.75], "texture": "#3"},
				"down": {"uv": [8.5, 4.25, 8, 4.5], "texture": "#3"}
			}
		},
		{
			"from": [2, 6, -0.6],
			"to": [6, 8, 0.4],
			"faces": {
				"north": {"uv": [6.5, 2.5, 7.5, 3], "texture": "#3"},
				"east": {"uv": [8, 7.25, 8.25, 7.75], "texture": "#3"},
				"south": {"uv": [6.5, 3, 7.5, 3.5], "texture": "#3"},
				"west": {"uv": [7.75, 8, 8, 8.5], "texture": "#3"},
				"up": {"uv": [8, 4.5, 7, 4.25], "texture": "#3"},
				"down": {"uv": [8.25, 6.5, 7.25, 6.75], "texture": "#3"}
			}
		},
		{
			"from": [10, 6, -0.6],
			"to": [14, 8, 0.4],
			"faces": {
				"north": {"uv": [3.25, 6.5, 4.25, 7], "texture": "#3"},
				"east": {"uv": [8, 7.75, 8.25, 8.25], "texture": "#3"},
				"south": {"uv": [6.5, 3.5, 7.5, 4], "texture": "#3"},
				"west": {"uv": [0, 8.25, 0.25, 8.75], "texture": "#3"},
				"up": {"uv": [8.25, 7, 7.25, 6.75], "texture": "#3"},
				"down": {"uv": [8.25, 7, 7.25, 7.25], "texture": "#3"}
			}
		},
		{
			"from": [7, 9, -0.6],
			"to": [9, 10, 0.4],
			"faces": {
				"north": {"uv": [0.25, 8.25, 0.75, 8.5], "texture": "#3"},
				"east": {"uv": [8.5, 4, 8.75, 4.25], "texture": "#3"},
				"south": {"uv": [8.25, 1, 8.75, 1.25], "texture": "#3"},
				"west": {"uv": [4.25, 8.5, 4.5, 8.75], "texture": "#3"},
				"up": {"uv": [8.75, 1.5, 8.25, 1.25], "texture": "#3"},
				"down": {"uv": [8.75, 1.5, 8.25, 1.75], "texture": "#3"}
			}
		},
		{
			"from": [9, 6, 10],
			"to": [10, 10, 11],
			"faces": {
				"north": {"uv": [0.75, 7.25, 1, 8.25], "texture": "#3"},
				"east": {"uv": [7.25, 7.25, 7.5, 8.25], "texture": "#3"},
				"south": {"uv": [7.5, 1, 7.75, 2], "texture": "#3"},
				"west": {"uv": [7.5, 2, 7.75, 3], "texture": "#3"},
				"up": {"uv": [8.75, 4.5, 8.5, 4.25], "texture": "#3"},
				"down": {"uv": [4.75, 8.5, 4.5, 8.75], "texture": "#3"}
			}
		},
		{
			"from": [6, 6, 10],
			"to": [7, 10, 11],
			"faces": {
				"north": {"uv": [7.5, 3, 7.75, 4], "texture": "#3"},
				"east": {"uv": [3.25, 7.5, 3.5, 8.5], "texture": "#3"},
				"south": {"uv": [3.5, 7.5, 3.75, 8.5], "texture": "#3"},
				"west": {"uv": [3.75, 7.5, 4, 8.5], "texture": "#3"},
				"up": {"uv": [8.75, 4.75, 8.5, 4.5], "texture": "#3"},
				"down": {"uv": [5, 8.5, 4.75, 8.75], "texture": "#3"}
			}
		},
		{
			"from": [7, 9, 10],
			"to": [9, 10, 11],
			"faces": {
				"north": {"uv": [8.25, 1.75, 8.75, 2], "texture": "#3"},
				"east": {"uv": [8.5, 4.75, 8.75, 5], "texture": "#3"},
				"south": {"uv": [8.25, 2, 8.75, 2.25], "texture": "#3"},
				"west": {"uv": [5, 8.5, 5.25, 8.75], "texture": "#3"},
				"up": {"uv": [8.75, 2.5, 8.25, 2.25], "texture": "#3"},
				"down": {"uv": [8.75, 5.5, 8.25, 5.75], "texture": "#3"}
			}
		},
		{
			"from": [7, 6, 10],
			"to": [9, 7, 11],
			"faces": {
				"north": {"uv": [8.25, 5.75, 8.75, 6], "texture": "#3"},
				"east": {"uv": [8.5, 5, 8.75, 5.25], "texture": "#3"},
				"south": {"uv": [8.25, 6, 8.75, 6.25], "texture": "#3"},
				"west": {"uv": [5.25, 8.5, 5.5, 8.75], "texture": "#3"},
				"up": {"uv": [8.75, 6.5, 8.25, 6.25], "texture": "#3"},
				"down": {"uv": [8.75, 6.5, 8.25, 6.75], "texture": "#3"}
			}
		},
		{
			"from": [2, 6, 10],
			"to": [6, 8, 11],
			"faces": {
				"north": {"uv": [4.25, 6.5, 5.25, 7], "texture": "#3"},
				"east": {"uv": [0.75, 8.25, 1, 8.75], "texture": "#3"},
				"south": {"uv": [6.5, 4.5, 7.5, 5], "texture": "#3"},
				"west": {"uv": [8.25, 6.75, 8.5, 7.25], "texture": "#3"},
				"up": {"uv": [8.5, 4.75, 7.5, 4.5], "texture": "#3"},
				"down": {"uv": [8.5, 4.75, 7.5, 5], "texture": "#3"}
			}
		},
		{
			"from": [10, 6, 10],
			"to": [14, 8, 11],
			"faces": {
				"north": {"uv": [6.5, 5, 7.5, 5.5], "texture": "#3"},
				"east": {"uv": [7.25, 8.25, 7.5, 8.75], "texture": "#3"},
				"south": {"uv": [5.25, 6.5, 6.25, 7], "texture": "#3"},
				"west": {"uv": [8.25, 7.25, 8.5, 7.75], "texture": "#3"},
				"up": {"uv": [8.5, 5.25, 7.5, 5], "texture": "#3"},
				"down": {"uv": [8.5, 5.25, 7.5, 5.5], "texture": "#3"}
			}
		},
		{
			"from": [2, 6, 0.4],
			"to": [3, 8, 4],
			"faces": {
				"north": {"uv": [7.5, 8.25, 7.75, 8.75], "texture": "#3"},
				"east": {"uv": [6.5, 5.5, 7.5, 6], "texture": "#3"},
				"south": {"uv": [8.25, 7.75, 8.5, 8.25], "texture": "#3"},
				"west": {"uv": [6.5, 6, 7.5, 6.5], "texture": "#3"},
				"up": {"uv": [7.75, 6.5, 7.5, 5.5], "texture": "#3"},
				"down": {"uv": [7.75, 7.25, 7.5, 8.25], "texture": "#3"}
			}
		},
		{
			"from": [2, 6, 5],
			"to": [3, 7, 6],
			"faces": {
				"north": {"uv": [8.5, 5.25, 8.75, 5.5], "texture": "#3"},
				"east": {"uv": [5.5, 8.5, 5.75, 8.75], "texture": "#3"},
				"south": {"uv": [5.75, 8.5, 6, 8.75], "texture": "#3"},
				"west": {"uv": [8.5, 6.75, 8.75, 7], "texture": "#3"},
				"up": {"uv": [8.75, 7.25, 8.5, 7], "texture": "#3"},
				"down": {"uv": [8.75, 7.25, 8.5, 7.5], "texture": "#3"}
			}
		},
		{
			"from": [2, 7, 4],
			"to": [3, 8, 5],
			"faces": {
				"north": {"uv": [8.5, 7.5, 8.75, 7.75], "texture": "#3"},
				"east": {"uv": [7.75, 8.5, 8, 8.75], "texture": "#3"},
				"south": {"uv": [8.5, 7.75, 8.75, 8], "texture": "#3"},
				"west": {"uv": [8.5, 8, 8.75, 8.25], "texture": "#3"},
				"up": {"uv": [8.75, 8.5, 8.5, 8.25], "texture": "#3"},
				"down": {"uv": [8.75, 8.5, 8.5, 8.75], "texture": "#3"}
			}
		},
		{
			"from": [2, 7, 6],
			"to": [3, 8, 7],
			"faces": {
				"north": {"uv": [0, 8.75, 0.25, 9], "texture": "#3"},
				"east": {"uv": [8.75, 0.25, 9, 0.5], "texture": "#3"},
				"south": {"uv": [8.75, 0.5, 9, 0.75], "texture": "#3"},
				"west": {"uv": [0.75, 8.75, 1, 9], "texture": "#3"},
				"up": {"uv": [9, 1, 8.75, 0.75], "texture": "#3"},
				"down": {"uv": [1.25, 8.75, 1, 9], "texture": "#3"}
			}
		},
		{
			"from": [2, 8, 4],
			"to": [3, 9, 7],
			"faces": {
				"north": {"uv": [8.75, 1, 9, 1.25], "texture": "#3"},
				"east": {"uv": [7.75, 3, 8.5, 3.25], "texture": "#3"},
				"south": {"uv": [1.25, 8.75, 1.5, 9], "texture": "#3"},
				"west": {"uv": [7.75, 3.25, 8.5, 3.5], "texture": "#3"},
				"up": {"uv": [8, 6.25, 7.75, 5.5], "texture": "#3"},
				"down": {"uv": [8, 7.25, 7.75, 8], "texture": "#3"}
			}
		},
		{
			"from": [2, 6, 7],
			"to": [3, 8, 10],
			"faces": {
				"north": {"uv": [8, 8.25, 8.25, 8.75], "texture": "#3"},
				"east": {"uv": [6.75, 1, 7.5, 1.5], "texture": "#3"},
				"south": {"uv": [8.25, 8.25, 8.5, 8.75], "texture": "#3"},
				"west": {"uv": [6.75, 1.5, 7.5, 2], "texture": "#3"},
				"up": {"uv": [8.25, 1.75, 8, 1], "texture": "#3"},
				"down": {"uv": [8.25, 1.75, 8, 2.5], "texture": "#3"}
			}
		},
		{
			"from": [2, 6, 4],
			"to": [3, 7, 5],
			"faces": {
				"north": {"uv": [8.75, 1.25, 9, 1.5], "texture": "#3"},
				"east": {"uv": [1.5, 8.75, 1.75, 9], "texture": "#3"},
				"south": {"uv": [8.75, 1.5, 9, 1.75], "texture": "#3"},
				"west": {"uv": [1.75, 8.75, 2, 9], "texture": "#3"},
				"up": {"uv": [9, 2, 8.75, 1.75], "texture": "#3"},
				"down": {"uv": [2.25, 8.75, 2, 9], "texture": "#3"}
			}
		},
		{
			"from": [2, 6, 6],
			"to": [3, 7, 7],
			"faces": {
				"north": {"uv": [8.75, 2, 9, 2.25], "texture": "#3"},
				"east": {"uv": [2.25, 8.75, 2.5, 9], "texture": "#3"},
				"south": {"uv": [8.75, 2.25, 9, 2.5], "texture": "#3"},
				"west": {"uv": [2.5, 8.75, 2.75, 9], "texture": "#3"},
				"up": {"uv": [9, 2.75, 8.75, 2.5], "texture": "#3"},
				"down": {"uv": [3, 8.75, 2.75, 9], "texture": "#3"}
			}
		},
		{
			"from": [1.9, 7, 5],
			"to": [2.9, 8, 6],
			"faces": {
				"north": {"uv": [8.75, 2.75, 9, 3], "texture": "#3"},
				"east": {"uv": [3, 8.75, 3.25, 9], "texture": "#3"},
				"south": {"uv": [8.75, 3, 9, 3.25], "texture": "#3"},
				"west": {"uv": [3.25, 8.75, 3.5, 9], "texture": "#3"},
				"up": {"uv": [9, 3.5, 8.75, 3.25], "texture": "#3"},
				"down": {"uv": [3.75, 8.75, 3.5, 9], "texture": "#3"}
			}
		},
		{
			"from": [13, 6, 0.4],
			"to": [14, 8, 4],
			"faces": {
				"north": {"uv": [0.25, 8.5, 0.5, 9], "texture": "#3"},
				"east": {"uv": [6.25, 6.5, 7.25, 7], "texture": "#3"},
				"south": {"uv": [0.5, 8.5, 0.75, 9], "texture": "#3"},
				"west": {"uv": [0, 6.75, 1, 7.25], "texture": "#3"},
				"up": {"uv": [8, 2, 7.75, 1], "texture": "#3"},
				"down": {"uv": [8, 2, 7.75, 3], "texture": "#3"}
			}
		},
		{
			"from": [13, 8, 4],
			"to": [14, 9, 7],
			"faces": {
				"north": {"uv": [8.75, 3.5, 9, 3.75], "texture": "#3"},
				"east": {"uv": [7.75, 3.5, 8.5, 3.75], "texture": "#3"},
				"south": {"uv": [3.75, 8.75, 4, 9], "texture": "#3"},
				"west": {"uv": [7.75, 3.75, 8.5, 4], "texture": "#3"},
				"up": {"uv": [8.25, 6.25, 8, 5.5], "texture": "#3"},
				"down": {"uv": [6.25, 8, 6, 8.75], "texture": "#3"}
			}
		},
		{
			"from": [13.1, 7, 5],
			"to": [14.1, 8, 6],
			"faces": {
				"north": {"uv": [8.75, 3.75, 9, 4], "texture": "#3"},
				"east": {"uv": [4, 8.75, 4.25, 9], "texture": "#3"},
				"south": {"uv": [8.75, 4, 9, 4.25], "texture": "#3"},
				"west": {"uv": [4.25, 8.75, 4.5, 9], "texture": "#3"},
				"up": {"uv": [9, 4.5, 8.75, 4.25], "texture": "#3"},
				"down": {"uv": [4.75, 8.75, 4.5, 9], "texture": "#3"}
			}
		},
		{
			"from": [13, 6, 5],
			"to": [14, 7, 6],
			"faces": {
				"north": {"uv": [8.75, 4.5, 9, 4.75], "texture": "#3"},
				"east": {"uv": [4.75, 8.75, 5, 9], "texture": "#3"},
				"south": {"uv": [8.75, 4.75, 9, 5], "texture": "#3"},
				"west": {"uv": [5, 8.75, 5.25, 9], "texture": "#3"},
				"up": {"uv": [9, 5.25, 8.75, 5], "texture": "#3"},
				"down": {"uv": [5.5, 8.75, 5.25, 9], "texture": "#3"}
			}
		},
		{
			"from": [13, 7, 4],
			"to": [14, 8, 5],
			"faces": {
				"north": {"uv": [8.75, 5.25, 9, 5.5], "texture": "#3"},
				"east": {"uv": [5.5, 8.75, 5.75, 9], "texture": "#3"},
				"south": {"uv": [8.75, 5.5, 9, 5.75], "texture": "#3"},
				"west": {"uv": [5.75, 8.75, 6, 9], "texture": "#3"},
				"up": {"uv": [9, 6, 8.75, 5.75], "texture": "#3"},
				"down": {"uv": [6.25, 8.75, 6, 9], "texture": "#3"}
			}
		},
		{
			"from": [13, 7, 6],
			"to": [14, 8, 7],
			"faces": {
				"north": {"uv": [8.75, 6, 9, 6.25], "texture": "#3"},
				"east": {"uv": [6.25, 8.75, 6.5, 9], "texture": "#3"},
				"south": {"uv": [8.75, 6.25, 9, 6.5], "texture": "#3"},
				"west": {"uv": [6.5, 8.75, 6.75, 9], "texture": "#3"},
				"up": {"uv": [9, 6.75, 8.75, 6.5], "texture": "#3"},
				"down": {"uv": [7, 8.75, 6.75, 9], "texture": "#3"}
			}
		},
		{
			"from": [13, 6, 4],
			"to": [14, 7, 5],
			"faces": {
				"north": {"uv": [8.75, 6.75, 9, 7], "texture": "#3"},
				"east": {"uv": [7, 8.75, 7.25, 9], "texture": "#3"},
				"south": {"uv": [8.75, 7, 9, 7.25], "texture": "#3"},
				"west": {"uv": [7.25, 8.75, 7.5, 9], "texture": "#3"},
				"up": {"uv": [9, 7.5, 8.75, 7.25], "texture": "#3"},
				"down": {"uv": [7.75, 8.75, 7.5, 9], "texture": "#3"}
			}
		},
		{
			"from": [13, 6, 6],
			"to": [14, 7, 7],
			"faces": {
				"north": {"uv": [8.75, 7.5, 9, 7.75], "texture": "#3"},
				"east": {"uv": [7.75, 8.75, 8, 9], "texture": "#3"},
				"south": {"uv": [8.75, 7.75, 9, 8], "texture": "#3"},
				"west": {"uv": [8, 8.75, 8.25, 9], "texture": "#3"},
				"up": {"uv": [9, 8.25, 8.75, 8], "texture": "#3"},
				"down": {"uv": [8.5, 8.75, 8.25, 9], "texture": "#3"}
			}
		},
		{
			"from": [13, 6, 7],
			"to": [14, 8, 10],
			"faces": {
				"north": {"uv": [8.5, 2.5, 8.75, 3], "texture": "#3"},
				"east": {"uv": [6.75, 2, 7.5, 2.5], "texture": "#3"},
				"south": {"uv": [8.5, 3, 8.75, 3.5], "texture": "#3"},
				"west": {"uv": [3.25, 7, 4, 7.5], "texture": "#3"},
				"up": {"uv": [6.5, 8.75, 6.25, 8], "texture": "#3"},
				"down": {"uv": [6.75, 8, 6.5, 8.75], "texture": "#3"}
			}
		},
		{
			"from": [8, 8, -0.7],
			"to": [9, 9, 0.3],
			"faces": {
				"north": {"uv": [8.75, 8.25, 9, 8.5], "texture": "#3"},
				"east": {"uv": [8.5, 8.75, 8.75, 9], "texture": "#3"},
				"south": {"uv": [8.75, 8.5, 9, 8.75], "texture": "#3"},
				"west": {"uv": [8.75, 8.75, 9, 9], "texture": "#3"},
				"up": {"uv": [0.25, 9.25, 0, 9], "texture": "#3"},
				"down": {"uv": [9.25, 0, 9, 0.25], "texture": "#3"}
			}
		},
		{
			"from": [7, 8, -0.7],
			"to": [8, 9, 0.3],
			"faces": {
				"north": {"uv": [0.25, 9, 0.5, 9.25], "texture": "#3"},
				"east": {"uv": [9, 0.25, 9.25, 0.5], "texture": "#3"},
				"south": {"uv": [0.5, 9, 0.75, 9.25], "texture": "#3"},
				"west": {"uv": [9, 0.5, 9.25, 0.75], "texture": "#3"},
				"up": {"uv": [1, 9.25, 0.75, 9], "texture": "#3"},
				"down": {"uv": [9.25, 0.75, 9, 1], "texture": "#3"}
			}
		},
		{
			"from": [7, 7, -0.7],
			"to": [8, 8, 0.3],
			"faces": {
				"north": {"uv": [1, 9, 1.25, 9.25], "texture": "#3"},
				"east": {"uv": [9, 1, 9.25, 1.25], "texture": "#3"},
				"south": {"uv": [1.25, 9, 1.5, 9.25], "texture": "#3"},
				"west": {"uv": [9, 1.25, 9.25, 1.5], "texture": "#3"},
				"up": {"uv": [1.75, 9.25, 1.5, 9], "texture": "#3"},
				"down": {"uv": [9.25, 1.5, 9, 1.75], "texture": "#3"}
			}
		},
		{
			"from": [8, 7, -0.7],
			"to": [9, 8, 0.3],
			"faces": {
				"north": {"uv": [1.75, 9, 2, 9.25], "texture": "#3"},
				"east": {"uv": [9, 1.75, 9.25, 2], "texture": "#3"},
				"south": {"uv": [2, 9, 2.25, 9.25], "texture": "#3"},
				"west": {"uv": [9, 2, 9.25, 2.25], "texture": "#3"},
				"up": {"uv": [2.5, 9.25, 2.25, 9], "texture": "#3"},
				"down": {"uv": [9.25, 2.25, 9, 2.5], "texture": "#3"}
			}
		},
		{
			"from": [8, 8, 10.1],
			"to": [9, 9, 11.1],
			"faces": {
				"north": {"uv": [2.5, 9, 2.75, 9.25], "texture": "#3"},
				"east": {"uv": [9, 2.5, 9.25, 2.75], "texture": "#3"},
				"south": {"uv": [2.75, 9, 3, 9.25], "texture": "#3"},
				"west": {"uv": [9, 2.75, 9.25, 3], "texture": "#3"},
				"up": {"uv": [3.25, 9.25, 3, 9], "texture": "#3"},
				"down": {"uv": [9.25, 3, 9, 3.25], "texture": "#3"}
			}
		},
		{
			"from": [7, 8, 10.1],
			"to": [8, 9, 11.1],
			"faces": {
				"north": {"uv": [3.25, 9, 3.5, 9.25], "texture": "#3"},
				"east": {"uv": [9, 3.25, 9.25, 3.5], "texture": "#3"},
				"south": {"uv": [3.5, 9, 3.75, 9.25], "texture": "#3"},
				"west": {"uv": [9, 3.5, 9.25, 3.75], "texture": "#3"},
				"up": {"uv": [4, 9.25, 3.75, 9], "texture": "#3"},
				"down": {"uv": [9.25, 3.75, 9, 4], "texture": "#3"}
			}
		},
		{
			"from": [8, 7, 10.1],
			"to": [9, 8, 11.1],
			"faces": {
				"north": {"uv": [4, 9, 4.25, 9.25], "texture": "#3"},
				"east": {"uv": [9, 4, 9.25, 4.25], "texture": "#3"},
				"south": {"uv": [4.25, 9, 4.5, 9.25], "texture": "#3"},
				"west": {"uv": [9, 4.25, 9.25, 4.5], "texture": "#3"},
				"up": {"uv": [4.75, 9.25, 4.5, 9], "texture": "#3"},
				"down": {"uv": [9.25, 4.5, 9, 4.75], "texture": "#3"}
			}
		},
		{
			"from": [7, 7, 10.1],
			"to": [8, 8, 11.1],
			"faces": {
				"north": {"uv": [4.75, 9, 5, 9.25], "texture": "#3"},
				"east": {"uv": [9, 4.75, 9.25, 5], "texture": "#3"},
				"south": {"uv": [5, 9, 5.25, 9.25], "texture": "#3"},
				"west": {"uv": [9, 5, 9.25, 5.25], "texture": "#3"},
				"up": {"uv": [5.5, 9.25, 5.25, 9], "texture": "#3"},
				"down": {"uv": [9.25, 5.25, 9, 5.5], "texture": "#3"}
			}
		},
		{
			"from": [4, 8, 1],
			"to": [12, 9, 9],
			"faces": {
				"north": {"uv": [6.5, 4, 8.5, 4.25], "texture": "#3"},
				"east": {"uv": [6.75, 0.25, 8.75, 0.5], "texture": "#3"},
				"south": {"uv": [6.75, 0.5, 8.75, 0.75], "texture": "#3"},
				"west": {"uv": [6.75, 0.75, 8.75, 1], "texture": "#3"},
				"up": {"uv": [4, 6.5, 2, 4.5], "texture": "#3"},
				"down": {"uv": [6.5, 2.25, 4.5, 4.25], "texture": "#3"}
			}
		},
		{
			"from": [3, 0, 1],
			"to": [4, 9, 9],
			"faces": {
				"north": {"uv": [6.5, 0.25, 6.75, 2.5], "texture": "#3"},
				"east": {"uv": [2.5, 0, 4.5, 2.25], "texture": "#3"},
				"south": {"uv": [2, 6.5, 2.25, 8.75], "texture": "#3"},
				"west": {"uv": [2.5, 2.25, 4.5, 4.5], "texture": "#3"},
				"up": {"uv": [1.25, 8.75, 1, 6.75], "texture": "#3"},
				"down": {"uv": [1.5, 6.75, 1.25, 8.75], "texture": "#3"}
			}
		},
		{
			"from": [3, 0, 9],
			"to": [13, 9, 10],
			"faces": {
				"north": {"uv": [0, 0, 2.5, 2.25], "texture": "#3"},
				"east": {"uv": [2.25, 6.5, 2.5, 8.75], "texture": "#3"},
				"south": {"uv": [0, 2.25, 2.5, 4.5], "texture": "#3"},
				"west": {"uv": [2.5, 6.5, 2.75, 8.75], "texture": "#3"},
				"up": {"uv": [7, 4.5, 4.5, 4.25], "texture": "#3"},
				"down": {"uv": [6.5, 6, 4, 6.25], "texture": "#3"}
			}
		},
		{
			"from": [3, 6, 0.4],
			"to": [13, 9, 1],
			"faces": {
				"north": {"uv": [4, 4.5, 6.5, 5.25], "texture": "#3"},
				"east": {"uv": [6.75, 8, 7, 8.75], "texture": "#3"},
				"south": {"uv": [4, 5.25, 6.5, 6], "texture": "#3"},
				"west": {"uv": [7, 8, 7.25, 8.75], "texture": "#3"},
				"up": {"uv": [6.5, 6.5, 4, 6.25], "texture": "#3"},
				"down": {"uv": [9, 0, 6.5, 0.25], "texture": "#3"}
			}
		},
		{
			"from": [12, 0, 1],
			"to": [13, 9, 9],
			"faces": {
				"north": {"uv": [2.75, 6.5, 3, 8.75], "texture": "#3"},
				"east": {"uv": [0, 4.5, 2, 6.75], "texture": "#3"},
				"south": {"uv": [3, 6.5, 3.25, 8.75], "texture": "#3"},
				"west": {"uv": [4.5, 0, 6.5, 2.25], "texture": "#3"},
				"up": {"uv": [1.75, 8.75, 1.5, 6.75], "texture": "#3"},
				"down": {"uv": [2, 6.75, 1.75, 8.75], "texture": "#3"}
			}
		},
		{
			"from": [3, 0, 0.4],
			"to": [4, 6, 1],
			"faces": {
				"north": {"uv": [4, 7, 4.25, 8.5], "texture": "#3"},
				"east": {"uv": [4.25, 7, 4.5, 8.5], "texture": "#3"},
				"south": {"uv": [4.5, 7, 4.75, 8.5], "texture": "#3"},
				"west": {"uv": [4.75, 7, 5, 8.5], "texture": "#3"},
				"up": {"uv": [5.75, 9.25, 5.5, 9], "texture": "#3"},
				"down": {"uv": [9.25, 5.5, 9, 5.75], "texture": "#3"}
			}
		},
		{
			"from": [12, 0, 0.4],
			"to": [13, 6, 1],
			"faces": {
				"north": {"uv": [5, 7, 5.25, 8.5], "texture": "#3"},
				"east": {"uv": [5.25, 7, 5.5, 8.5], "texture": "#3"},
				"south": {"uv": [5.5, 7, 5.75, 8.5], "texture": "#3"},
				"west": {"uv": [5.75, 7, 6, 8.5], "texture": "#3"},
				"up": {"uv": [6, 9.25, 5.75, 9], "texture": "#3"},
				"down": {"uv": [9.25, 5.75, 9, 6], "texture": "#3"}
			}
		}
	],
	"display": {
		"head": {
			"translation": [0, 5.25, 2.75],
			"scale": [1.44141, 1.42383, 1.23633]
		}
	},
	"groups": [
		0,
		1,
		2,
		3,
		4,
		5,
		6,
		7,
		8,
		9,
		10,
		11,
		12,
		13,
		14,
		15,
		16,
		17,
		18,
		19,
		20,
		21,
		22,
		23,
		24,
		25,
		26,
		27,
		28,
		29,
		30,
		31,
		32,
		33,
		34,
		35,
		36,
		37,
		{
			"name": "group",
			"origin": [0, 0, 0],
			"color": 0,
			"children": [38, 39, 40, 41, 42, 43, 44]
		}
	]
}